{"errors":[],"warnings":[],"namedChunkGroups":{"app":{"chunks":[8,6,7,2],"assets":["webpack-runtime-9056d1e9927b76005e4a.js","webpack-runtime-9056d1e9927b76005e4a.js.map","framework-d525eba1ab91dcf05adc.js","framework-d525eba1ab91dcf05adc.js.map","styles.491a16106869c73de5f8.css","styles-55b12e3f12e70f5e0cab.js","styles-55b12e3f12e70f5e0cab.js.map","app-bca3654d314a24f4c8bf.js","app-bca3654d314a24f4c8bf.js.map"],"children":{},"childAssets":{}},"component---src-templates-blog-post-js":{"chunks":[0,1,5],"assets":["commons-c9d31f90563f718c0ddd.js","commons-c9d31f90563f718c0ddd.js.map","69ca9dfa785447e3d8b116b383997bcdc8df623a-bdd0a2d9f34400652377.js","69ca9dfa785447e3d8b116b383997bcdc8df623a-bdd0a2d9f34400652377.js.map","component---src-templates-blog-post-js-df21bc22acf4265a9724.js","component---src-templates-blog-post-js-df21bc22acf4265a9724.js.map"],"children":{},"childAssets":{}},"component---src-pages-404-js":{"chunks":[0,3],"assets":["commons-c9d31f90563f718c0ddd.js","commons-c9d31f90563f718c0ddd.js.map","component---src-pages-404-js-c720a9d310a7ee983590.js","component---src-pages-404-js-c720a9d310a7ee983590.js.map"],"children":{},"childAssets":{}},"component---src-pages-index-js":{"chunks":[0,1,4],"assets":["commons-c9d31f90563f718c0ddd.js","commons-c9d31f90563f718c0ddd.js.map","69ca9dfa785447e3d8b116b383997bcdc8df623a-bdd0a2d9f34400652377.js","69ca9dfa785447e3d8b116b383997bcdc8df623a-bdd0a2d9f34400652377.js.map","component---src-pages-index-js-3e411bcc26221725175e.js","component---src-pages-index-js-3e411bcc26221725175e.js.map"],"children":{},"childAssets":{}}},"assetsByChunkName":{"app":["webpack-runtime-9056d1e9927b76005e4a.js","framework-d525eba1ab91dcf05adc.js","styles.491a16106869c73de5f8.css","styles-55b12e3f12e70f5e0cab.js","app-bca3654d314a24f4c8bf.js"],"component---src-templates-blog-post-js":["commons-c9d31f90563f718c0ddd.js","69ca9dfa785447e3d8b116b383997bcdc8df623a-bdd0a2d9f34400652377.js","component---src-templates-blog-post-js-df21bc22acf4265a9724.js"],"component---src-pages-404-js":["commons-c9d31f90563f718c0ddd.js","component---src-pages-404-js-c720a9d310a7ee983590.js"],"component---src-pages-index-js":["commons-c9d31f90563f718c0ddd.js","69ca9dfa785447e3d8b116b383997bcdc8df623a-bdd0a2d9f34400652377.js","component---src-pages-index-js-3e411bcc26221725175e.js"]}}